plan_type,avg_enrollment,num_plans
Medicare-Medicaid Plan HMO/HMOPOS,1019.4192843737926,4
HMO/HMOPOS,633.1776820302615,207
Local PPO,327.1694792554306,177
1876 Cost,251.4617765698325,40
Regional PPO,182.38070466173272,16
National PACE,147.06222891816418,5
PFFS,93.65922536848403,41
MSA,58.13191831532953,2
